Date,High,Low,Open,Close,Volume,Adj Close
2020-01-02,2050.0,2000.0,2050.0,2030.0,1547000.0,1956.2281494140625
2020-01-03,2040.0,2020.0,2030.0,2030.0,2578900.0,1956.2281494140625
2020-01-06,2040.0,2000.0,2030.0,2020.0,1177400.0,1946.591552734375
2020-01-07,2040.0,2020.0,2020.0,2030.0,1406500.0,1956.2281494140625
2020-01-08,2030.0,1985.0,2030.0,2000.0,2454400.0,1927.318359375
2020-01-09,2080.0,2000.0,2000.0,2080.0,6373200.0,2004.4110107421875
2020-01-10,2100.0,2040.0,2080.0,2050.0,2478100.0,1975.5013427734375
2020-01-13,2070.0,1970.0,2020.0,2030.0,2396200.0,1956.2281494140625
2020-01-14,2040.0,2010.0,2030.0,2020.0,4487300.0,1946.591552734375
2020-01-15,2030.0,2000.0,2030.0,2010.0,1390100.0,1936.9549560546875
2020-01-16,2020.0,2000.0,2010.0,2010.0,2561900.0,1936.9549560546875
2020-01-17,2020.0,1995.0,2010.0,2000.0,1493000.0,1927.318359375
2020-01-20,2020.0,1990.0,2000.0,1990.0,2106500.0,1917.6817626953125
2020-01-21,2010.0,1980.0,1990.0,1995.0,1488300.0,1922.5001220703125
2020-01-22,2000.0,1980.0,2000.0,1985.0,1835600.0,1912.8634033203125
2020-01-23,1985.0,1965.0,1980.0,1970.0,1391300.0,1898.4085693359375
2020-01-24,1980.0,1950.0,1975.0,1960.0,1864300.0,1888.77197265625
2020-01-27,1960.0,1900.0,1960.0,1930.0,3234800.0,1859.8623046875
2020-01-28,1935.0,1885.0,1920.0,1925.0,2635200.0,1855.0439453125
2020-01-29,1955.0,1920.0,1950.0,1925.0,784800.0,1855.0439453125
2020-01-30,1930.0,1900.0,1925.0,1910.0,1059300.0,1840.5889892578125
2020-01-31,1930.0,1845.0,1910.0,1920.0,2547100.0,1850.2255859375
2020-02-03,1920.0,1860.0,1920.0,1900.0,1254100.0,1830.9525146484375
2020-02-04,1910.0,1890.0,1900.0,1905.0,1799700.0,1835.770751953125
2020-02-05,1920.0,1900.0,1905.0,1905.0,1263400.0,1835.770751953125
2020-02-06,1940.0,1905.0,1910.0,1930.0,1321000.0,1859.8623046875
2020-02-07,2010.0,1930.0,1935.0,1995.0,3697600.0,1922.5001220703125
2020-02-10,1990.0,1955.0,1990.0,1990.0,1701200.0,1917.6817626953125
2020-02-11,2040.0,1975.0,1990.0,2000.0,10654300.0,1927.318359375
2020-02-12,2030.0,1990.0,2000.0,2010.0,3646900.0,1936.9549560546875
2020-02-13,2030.0,1995.0,2010.0,2020.0,2232500.0,1946.591552734375
2020-02-14,2030.0,1985.0,2030.0,1990.0,624600.0,1917.6817626953125
2020-02-17,2020.0,1965.0,1990.0,2000.0,905200.0,1927.318359375
2020-02-18,2050.0,1995.0,2000.0,2030.0,3644800.0,1956.2281494140625
2020-02-19,2040.0,2000.0,2030.0,2040.0,2477400.0,1965.86474609375
2020-02-20,2050.0,1985.0,2050.0,1985.0,2627100.0,1912.8634033203125
2020-02-21,2000.0,1940.0,1985.0,1955.0,4078600.0,1883.9537353515625
2020-02-24,1955.0,1885.0,1955.0,1905.0,3090000.0,1835.770751953125
2020-02-25,1905.0,1870.0,1905.0,1905.0,944200.0,1835.770751953125
2020-02-26,1890.0,1840.0,1890.0,1850.0,2614700.0,1782.76953125
2020-02-27,1860.0,1760.0,1850.0,1800.0,3955600.0,1734.5865478515625
2020-02-28,1840.0,1650.0,1800.0,1800.0,6237000.0,1734.5865478515625
2020-03-02,1840.0,1685.0,1790.0,1765.0,2191500.0,1700.8583984375
2020-03-03,1885.0,1765.0,1765.0,1840.0,2302600.0,1773.1329345703125
2020-03-04,1885.0,1835.0,1840.0,1885.0,1766500.0,1816.49755859375
2020-03-05,1910.0,1875.0,1885.0,1885.0,1084800.0,1816.49755859375
2020-03-06,1885.0,1835.0,1885.0,1865.0,839400.0,1797.224365234375
2020-03-09,1835.0,1755.0,1835.0,1770.0,2485300.0,1705.6767578125
2020-03-10,1805.0,1745.0,1765.0,1800.0,1030900.0,1734.5865478515625
2020-03-11,1885.0,1805.0,1805.0,1850.0,3588400.0,1782.76953125
2020-03-12,1840.0,1770.0,1825.0,1795.0,1252800.0,1729.7681884765625
2020-03-13,1795.0,1795.0,1795.0,1795.0,0.0,1729.7681884765625
2020-03-16,1795.0,1795.0,1795.0,1795.0,0.0,1729.7681884765625
2020-03-17,1800.0,1630.0,1750.0,1645.0,10731900.0,1585.2193603515625
2020-03-18,1700.0,1570.0,1630.0,1660.0,7820300.0,1599.6741943359375
2020-03-19,1660.0,1545.0,1655.0,1545.0,15950700.0,1488.8533935546875
2020-03-20,1625.0,1440.0,1530.0,1550.0,4094800.0,1493.6717529296875
2020-03-23,1530.0,1445.0,1490.0,1460.0,4047700.0,1406.9423828125
2020-03-24,1485.0,1360.0,1475.0,1415.0,5280700.0,1363.57763671875
2020-03-26,1705.0,1415.0,1415.0,1610.0,7972800.0,1551.4912109375
2020-03-27,1950.0,1640.0,1640.0,1950.0,7224400.0,1879.1353759765625
2020-03-30,1890.0,1815.0,1880.0,1815.0,5269900.0,1749.0413818359375
2020-03-31,1910.0,1815.0,1820.0,1855.0,2738200.0,1787.5877685546875
2020-04-01,1855.0,1730.0,1810.0,1830.0,2648400.0,1763.4962158203125
2020-04-02,1825.0,1705.0,1825.0,1810.0,2834900.0,1744.22314453125
2020-04-03,1825.0,1760.0,1810.0,1810.0,1960900.0,1744.22314453125
2020-04-06,1900.0,1770.0,1810.0,1890.0,5050000.0,1821.31591796875
2020-04-07,1960.0,1835.0,1920.0,1875.0,2899000.0,1806.8609619140625
2020-04-08,1895.0,1835.0,1875.0,1895.0,1421900.0,1826.1341552734375
2020-04-09,1940.0,1840.0,1890.0,1920.0,866100.0,1850.2255859375
2020-04-13,1935.0,1900.0,1920.0,1925.0,1690600.0,1855.0439453125
2020-04-14,1955.0,1920.0,1950.0,1945.0,1627400.0,1874.3170166015625
2020-04-15,1960.0,1905.0,1945.0,1925.0,1294900.0,1855.0439453125
2020-04-16,1925.0,1865.0,1925.0,1900.0,2246600.0,1830.9525146484375
2020-04-17,2040.0,1895.0,1895.0,2040.0,4835100.0,1965.86474609375
2020-04-20,2110.0,1965.0,2040.0,2070.0,3922500.0,1994.7745361328125
2020-04-21,2090.0,2020.0,2070.0,2080.0,5832000.0,2004.4110107421875
2020-04-22,2110.0,2020.0,2080.0,2070.0,5025800.0,1994.7745361328125
2020-04-23,2240.0,2080.0,2080.0,2230.0,6335700.0,2148.9599609375
2020-04-24,2240.0,2100.0,2230.0,2180.0,4283000.0,2100.777099609375
2020-04-27,2270.0,2150.0,2180.0,2190.0,7115500.0,2110.41357421875
2020-04-28,2210.0,2120.0,2200.0,2180.0,1444700.0,2100.777099609375
2020-04-29,2190.0,2140.0,2190.0,2190.0,1533100.0,2110.41357421875
2020-04-30,2200.0,2150.0,2190.0,2150.0,1684000.0,2071.8671875
2020-05-04,2150.0,2000.0,2140.0,2110.0,4430000.0,2033.3209228515625
2020-05-05,2150.0,2070.0,2140.0,2110.0,763800.0,2033.3209228515625
2020-05-06,2120.0,2070.0,2110.0,2090.0,1411100.0,2014.047607421875
2020-05-08,2190.0,2090.0,2100.0,2130.0,2039500.0,2052.59423828125
2020-05-11,2150.0,2120.0,2130.0,2130.0,2405600.0,2052.59423828125
2020-05-12,2150.0,2080.0,2130.0,2130.0,3302300.0,2052.59423828125
2020-05-13,2230.0,2110.0,2160.0,2130.0,4077500.0,2052.59423828125
2020-05-14,2130.0,2040.0,2130.0,2120.0,1500600.0,2042.95751953125
2020-05-15,2150.0,2050.0,2120.0,2140.0,1219900.0,2062.230712890625
2020-05-18,2160.0,2080.0,2150.0,2140.0,1679700.0,2062.230712890625
2020-05-19,2180.0,2120.0,2170.0,2140.0,2074100.0,2062.230712890625
2020-05-20,2140.0,2090.0,2120.0,2140.0,1871300.0,2062.230712890625
2020-05-26,2140.0,2100.0,2140.0,2120.0,1756400.0,2042.95751953125
2020-05-27,2130.0,2100.0,2110.0,2130.0,1527500.0,2052.59423828125
2020-05-28,2220.0,2130.0,2130.0,2180.0,5448700.0,2100.777099609375
2020-05-29,2220.0,2170.0,2180.0,2200.0,5176400.0,2120.05029296875
2020-06-02,2340.0,2200.0,2200.0,2320.0,10825000.0,2235.689208984375
2020-06-03,2350.0,2290.0,2330.0,2350.0,6035300.0,2264.59912109375
2020-06-04,2380.0,2310.0,2320.0,2330.0,1755300.0,2245.325927734375
2020-06-05,2340.0,2250.0,2330.0,2300.0,8662300.0,2216.416015625
2020-06-08,2360.0,2260.0,2300.0,2300.0,4356600.0,2216.416015625
2020-06-09,2370.0,2280.0,2300.0,2320.0,3470800.0,2235.689208984375
2020-06-10,2330.0,2200.0,2320.0,2270.0,4574200.0,2187.50634765625
2020-06-11,2300.0,2220.0,2260.0,2300.0,1183500.0,2216.416015625
2020-06-12,2270.0,2160.0,2250.0,2270.0,3234400.0,2187.50634765625
2020-06-15,2310.0,2200.0,2270.0,2270.0,2790200.0,2187.50634765625
2020-06-16,2300.0,2240.0,2270.0,2300.0,4416800.0,2216.416015625
2020-06-17,2320.0,2250.0,2300.0,2300.0,1971600.0,2216.416015625
2020-06-18,2300.0,2270.0,2300.0,2290.0,2499700.0,2206.779541015625
2020-06-19,2290.0,2260.0,2290.0,2280.0,1553700.0,2197.14306640625
2020-06-22,2350.0,2270.0,2280.0,2300.0,5357800.0,2216.416015625
2020-06-23,2310.0,2250.0,2310.0,2290.0,4387900.0,2206.779541015625
2020-06-24,2300.0,2260.0,2290.0,2290.0,2037900.0,2206.779541015625
2020-06-25,2280.0,2230.0,2270.0,2260.0,4173600.0,2177.869873046875
2020-06-26,2270.0,2220.0,2260.0,2260.0,3133300.0,2177.869873046875
2020-06-29,2270.0,2230.0,2260.0,2260.0,2963000.0,2177.869873046875
2020-06-30,2280.0,2240.0,2260.0,2260.0,1952800.0,2177.869873046875
2020-07-01,2270.0,2230.0,2260.0,2250.0,4984200.0,2168.233154296875
2020-07-02,2280.0,2250.0,2250.0,2260.0,2324800.0,2177.869873046875
2020-07-03,2280.0,2240.0,2270.0,2260.0,1798900.0,2177.869873046875
2020-07-06,2280.0,2240.0,2260.0,2250.0,5591000.0,2168.233154296875
2020-07-07,2250.0,2210.0,2250.0,2240.0,1422200.0,2187.766845703125
2020-07-08,2250.0,2220.0,2230.0,2240.0,1022600.0,2187.766845703125
2020-07-09,2260.0,2230.0,2240.0,2240.0,2514200.0,2187.766845703125
2020-07-10,2240.0,2180.0,2240.0,2190.0,4274700.0,2138.9326171875
2020-07-13,2210.0,2180.0,2190.0,2190.0,1689000.0,2138.9326171875
2020-07-14,2220.0,2180.0,2190.0,2210.0,2350900.0,2158.46630859375
2020-07-15,2230.0,2190.0,2220.0,2220.0,3234000.0,2168.233154296875
2020-07-16,2230.0,2200.0,2220.0,2220.0,1601400.0,2168.233154296875
2020-07-17,2230.0,2200.0,2220.0,2220.0,2011200.0,2168.233154296875
2020-07-20,2230.0,2190.0,2220.0,2220.0,1478200.0,2168.233154296875
2020-07-21,2230.0,2200.0,2220.0,2220.0,2225600.0,2168.233154296875
2020-07-22,2230.0,2190.0,2220.0,2220.0,1443600.0,2168.233154296875
2020-07-23,2270.0,2200.0,2220.0,2270.0,4296300.0,2217.067138671875
2020-07-24,2310.0,2240.0,2270.0,2270.0,6376600.0,2217.067138671875
2020-07-27,2280.0,2250.0,2270.0,2270.0,1908500.0,2217.067138671875
2020-07-28,2290.0,2250.0,2270.0,2270.0,924500.0,2217.067138671875
2020-07-29,2350.0,2260.0,2270.0,2350.0,6470200.0,2295.20166015625
2020-07-30,2370.0,2300.0,2360.0,2350.0,4020200.0,2295.20166015625
2020-08-03,2370.0,2200.0,2330.0,2290.0,5859300.0,2236.600830078125
2020-08-04,2330.0,2250.0,2290.0,2300.0,4262000.0,2246.36767578125
2020-08-05,2310.0,2260.0,2310.0,2280.0,3432600.0,2226.833984375
2020-08-06,2300.0,2260.0,2290.0,2280.0,2461500.0,2226.833984375
2020-08-07,2300.0,2240.0,2280.0,2260.0,4208600.0,2207.30029296875
2020-08-10,2280.0,2250.0,2260.0,2280.0,1698500.0,2226.833984375
2020-08-11,2310.0,2240.0,2280.0,2250.0,5969900.0,2197.53369140625
2020-08-12,2270.0,2230.0,2250.0,2250.0,4408600.0,2197.53369140625
2020-08-13,2300.0,2250.0,2250.0,2280.0,3215600.0,2226.833984375
2020-08-14,2290.0,2260.0,2280.0,2280.0,1090700.0,2226.833984375
2020-08-18,2290.0,2250.0,2280.0,2250.0,2732000.0,2197.53369140625
2020-08-19,2270.0,2240.0,2250.0,2250.0,4417100.0,2197.53369140625
2020-08-24,2270.0,2220.0,2260.0,2240.0,4257200.0,2187.766845703125
2020-08-25,2250.0,2230.0,2240.0,2230.0,5906100.0,2178.0
2020-08-26,2270.0,2230.0,2230.0,2260.0,3596100.0,2207.30029296875
2020-08-27,2420.0,2240.0,2260.0,2400.0,10500600.0,2344.035888671875
2020-08-28,2430.0,2360.0,2400.0,2400.0,4564300.0,2344.035888671875
2020-08-31,2420.0,2260.0,2400.0,2350.0,5672200.0,2295.20166015625
2020-09-01,2550.0,2300.0,2360.0,2500.0,15127300.0,2441.703857421875
2020-09-02,2530.0,2450.0,2500.0,2480.0,11291900.0,2422.17041015625
2020-09-03,2530.0,2450.0,2480.0,2490.0,10467200.0,2431.937255859375
2020-09-04,2490.0,2400.0,2490.0,2490.0,6380400.0,2431.937255859375
2020-09-07,2590.0,2470.0,2490.0,2590.0,6956400.0,2529.605224609375
2020-09-08,2600.0,2500.0,2590.0,2510.0,5861200.0,2451.470703125
2020-09-09,2520.0,2430.0,2510.0,2480.0,2543800.0,2422.17041015625
2020-09-10,2480.0,2310.0,2480.0,2410.0,5306600.0,2353.802734375
2020-09-11,2540.0,2320.0,2400.0,2480.0,3297200.0,2422.17041015625
2020-09-14,2510.0,2470.0,2480.0,2510.0,2413900.0,2451.470703125
2020-09-15,2530.0,2410.0,2500.0,2460.0,3275800.0,2402.63671875
2020-09-16,2460.0,2360.0,2420.0,2440.0,5843300.0,2383.10302734375
2020-09-17,2440.0,2340.0,2440.0,2370.0,3251200.0,2314.7353515625
2020-09-18,2390.0,2360.0,2370.0,2380.0,1172700.0,2324.502197265625
2020-09-21,2380.0,2310.0,2380.0,2320.0,3799700.0,2265.9013671875
2020-09-22,2330.0,2250.0,2330.0,2330.0,1201000.0,2275.668212890625
2020-09-23,2480.0,2300.0,2330.0,2410.0,5111700.0,2353.802734375
2020-09-24,2400.0,2320.0,2370.0,2370.0,2655900.0,2314.7353515625
2020-09-25,2430.0,2330.0,2370.0,2420.0,2457000.0,2363.5693359375
2020-09-28,2440.0,2380.0,2420.0,2400.0,3245500.0,2344.035888671875
2020-09-29,2430.0,2360.0,2400.0,2410.0,2242900.0,2353.802734375
2020-09-30,2420.0,2380.0,2410.0,2380.0,4133500.0,2324.502197265625
2020-10-01,2420.0,2370.0,2390.0,2410.0,1673000.0,2353.802734375
2020-10-02,2430.0,2400.0,2410.0,2420.0,1784400.0,2363.5693359375
2020-10-05,2470.0,2420.0,2420.0,2440.0,2255500.0,2383.10302734375
2020-10-06,2480.0,2440.0,2450.0,2460.0,994100.0,2402.63671875
2020-10-07,2470.0,2420.0,2460.0,2450.0,969200.0,2392.869873046875
2020-10-08,2450.0,2430.0,2450.0,2450.0,1276500.0,2392.869873046875
2020-10-09,2470.0,2420.0,2450.0,2430.0,1146900.0,2373.336181640625
2020-10-12,2440.0,2400.0,2430.0,2400.0,1659300.0,2344.035888671875
2020-10-13,2430.0,2380.0,2400.0,2420.0,3078700.0,2363.5693359375
2020-10-14,2460.0,2410.0,2420.0,2430.0,2968100.0,2373.336181640625
2020-10-15,2430.0,2390.0,2430.0,2410.0,3561800.0,2353.802734375
2020-10-16,2450.0,2390.0,2410.0,2410.0,2484000.0,2353.802734375
2020-10-19,2420.0,2390.0,2410.0,2410.0,1668600.0,2353.802734375
2020-10-20,2420.0,2380.0,2410.0,2410.0,1091000.0,2353.802734375
2020-10-21,2410.0,2370.0,2370.0,2400.0,4008800.0,2344.035888671875
2020-10-22,2400.0,2370.0,2400.0,2400.0,2836600.0,2344.035888671875
2020-10-23,2450.0,2380.0,2400.0,2430.0,3882400.0,2373.336181640625
2020-10-26,2450.0,2360.0,2430.0,2380.0,3023000.0,2324.502197265625
2020-10-27,2400.0,2330.0,2370.0,2340.0,3151000.0,2285.434814453125
2020-11-02,2410.0,2290.0,2350.0,2330.0,5654500.0,2275.668212890625
2020-11-03,2350.0,2320.0,2350.0,2350.0,789900.0,2295.20166015625
2020-11-04,2370.0,2300.0,2370.0,2330.0,3220700.0,2275.668212890625
2020-11-05,2400.0,2330.0,2330.0,2400.0,3493800.0,2344.035888671875
2020-11-06,2430.0,2350.0,2420.0,2400.0,9185500.0,2344.035888671875
2020-11-09,2420.0,2370.0,2400.0,2400.0,4765000.0,2344.035888671875
2020-11-10,2420.0,2380.0,2400.0,2400.0,4202800.0,2344.035888671875
2020-11-11,2430.0,2370.0,2400.0,2430.0,5481400.0,2373.336181640625
2020-11-12,2450.0,2380.0,2440.0,2410.0,3716300.0,2353.802734375
2020-11-13,2410.0,2390.0,2410.0,2410.0,1092000.0,2353.802734375
2020-11-16,2420.0,2390.0,2400.0,2410.0,1686600.0,2353.802734375
2020-11-17,2420.0,2390.0,2390.0,2420.0,2827700.0,2363.5693359375
2020-11-18,2530.0,2400.0,2420.0,2490.0,12736200.0,2431.937255859375
2020-11-19,2520.0,2460.0,2490.0,2500.0,5912600.0,2441.703857421875
2020-11-20,2520.0,2450.0,2510.0,2480.0,5353400.0,2422.17041015625
2020-11-23,2480.0,2450.0,2480.0,2480.0,3516000.0,2422.17041015625
2020-11-24,2480.0,2440.0,2480.0,2480.0,5953100.0,2422.17041015625
2020-11-25,2490.0,2440.0,2480.0,2470.0,3653100.0,2412.403564453125
2020-11-26,2480.0,2440.0,2480.0,2470.0,3796400.0,2412.403564453125
2020-11-27,2480.0,2440.0,2480.0,2470.0,3273900.0,2412.403564453125
2020-11-30,2500.0,2350.0,2480.0,2380.0,10104400.0,2324.502197265625
2020-12-01,2460.0,2360.0,2380.0,2440.0,4035300.0,2383.10302734375
2020-12-02,2480.0,2430.0,2450.0,2480.0,5972000.0,2422.17041015625
2020-12-03,2480.0,2450.0,2480.0,2480.0,5546500.0,2422.17041015625
2020-12-04,2530.0,2440.0,2480.0,2520.0,7603300.0,2461.237548828125
2020-12-07,2560.0,2510.0,2550.0,2540.0,5019800.0,2480.771240234375
2020-12-08,2540.0,2470.0,2540.0,2520.0,7153100.0,2461.237548828125
2020-12-10,2520.0,2470.0,2520.0,2500.0,4801900.0,2441.703857421875
2020-12-11,2560.0,2500.0,2510.0,2550.0,4644900.0,2490.5380859375
2020-12-14,2700.0,2550.0,2550.0,2680.0,6027100.0,2617.506591796875
2020-12-15,2720.0,2610.0,2680.0,2690.0,3644400.0,2627.2734375
2020-12-16,2720.0,2650.0,2700.0,2680.0,8257300.0,2617.506591796875
2020-12-17,2680.0,2610.0,2680.0,2670.0,5626900.0,2607.73974609375
2020-12-18,2940.0,2640.0,2670.0,2740.0,12098700.0,2676.107666015625
2020-12-21,2800.0,2710.0,2740.0,2770.0,5939200.0,2705.407958984375
2020-12-22,2790.0,2720.0,2770.0,2770.0,5664900.0,2705.407958984375
2020-12-23,2930.0,2730.0,2780.0,2840.0,10587200.0,2773.775634765625
2020-12-28,2920.0,2800.0,2840.0,2910.0,5068200.0,2842.143310546875
2020-12-29,2940.0,2840.0,2900.0,2910.0,6995100.0,2842.143310546875
2020-12-30,2910.0,2710.0,2910.0,2710.0,9976400.0,2646.80712890625
2021-01-04,2920.0,2710.0,2710.0,2880.0,3898800.0,2812.843017578125
2021-01-05,2900.0,2820.0,2880.0,2880.0,9664100.0,2812.843017578125
2021-01-06,2890.0,2740.0,2880.0,2830.0,8235000.0,2764.0087890625
2021-01-07,2840.0,2820.0,2830.0,2840.0,2328600.0,2773.775634765625
2021-01-08,2850.0,2800.0,2840.0,2840.0,5529700.0,2773.775634765625
2021-01-11,2840.0,2720.0,2840.0,2760.0,16227700.0,2695.64111328125
2021-01-12,2830.0,2720.0,2760.0,2820.0,16833100.0,2754.2421875
2021-01-13,2870.0,2750.0,2830.0,2770.0,6362300.0,2705.407958984375
2021-01-14,2820.0,2770.0,2800.0,2800.0,3441300.0,2734.70849609375
2021-01-15,2810.0,2750.0,2800.0,2760.0,2210700.0,2695.64111328125
2021-01-18,2840.0,2740.0,2760.0,2800.0,3344900.0,2734.70849609375
2021-01-19,2870.0,2790.0,2810.0,2800.0,5408800.0,2734.70849609375
2021-01-20,2940.0,2770.0,2800.0,2910.0,6795200.0,2842.143310546875
2021-01-21,2930.0,2800.0,2910.0,2820.0,6069700.0,2754.2421875
2021-01-22,2830.0,2660.0,2810.0,2750.0,9546000.0,2685.874267578125
2021-01-25,2810.0,2670.0,2700.0,2800.0,4755300.0,2734.70849609375
2021-01-26,2900.0,2770.0,2800.0,2880.0,8934200.0,2812.843017578125
2021-01-27,2890.0,2750.0,2880.0,2840.0,4122900.0,2773.775634765625
2021-01-28,2840.0,2740.0,2840.0,2790.0,3530000.0,2724.941650390625
2021-01-29,2800.0,2760.0,2790.0,2790.0,2905500.0,2724.941650390625
2021-02-01,2800.0,2730.0,2790.0,2800.0,8611800.0,2734.70849609375
2021-02-02,2810.0,2620.0,2800.0,2640.0,13278900.0,2578.439453125
2021-02-03,2680.0,2550.0,2680.0,2570.0,9331100.0,2510.07177734375
2021-02-04,2610.0,2500.0,2570.0,2510.0,9174100.0,2451.470703125
2021-02-05,2650.0,2510.0,2510.0,2640.0,7545500.0,2578.439453125
2021-02-08,2690.0,2620.0,2650.0,2640.0,4243000.0,2578.439453125
2021-02-09,2660.0,2580.0,2630.0,2590.0,2830100.0,2529.605224609375
2021-02-10,2600.0,2550.0,2590.0,2600.0,2726900.0,2539.3720703125
2021-02-11,2630.0,2580.0,2610.0,2600.0,2232000.0,2539.3720703125
2021-02-15,2610.0,2560.0,2600.0,2570.0,1517200.0,2510.07177734375
2021-02-16,2600.0,2560.0,2570.0,2600.0,1371200.0,2539.3720703125
2021-02-17,2600.0,2520.0,2600.0,2520.0,4764200.0,2461.237548828125
2021-02-18,2570.0,2510.0,2520.0,2550.0,3721600.0,2490.5380859375
2021-02-19,2620.0,2540.0,2550.0,2590.0,5071100.0,2529.605224609375
2021-02-22,2650.0,2590.0,2590.0,2620.0,13396400.0,2558.90576171875
2021-02-23,2650.0,2600.0,2620.0,2630.0,9124900.0,2568.672607421875
2021-02-24,2670.0,2630.0,2630.0,2650.0,8027400.0,2588.206298828125
2021-02-25,2750.0,2650.0,2680.0,2710.0,7063100.0,2646.80712890625
2021-02-26,2780.0,2630.0,2710.0,2710.0,7296200.0,2646.80712890625
2021-03-01,2730.0,2650.0,2710.0,2710.0,7928700.0,2646.80712890625
2021-03-02,2810.0,2710.0,2710.0,2770.0,8280900.0,2705.407958984375
2021-03-03,2800.0,2740.0,2780.0,2750.0,2131300.0,2685.874267578125
2021-03-04,2790.0,2740.0,2750.0,2770.0,9889500.0,2705.407958984375
2021-03-05,2780.0,2610.0,2770.0,2730.0,10211500.0,2666.3408203125
2021-03-08,2780.0,2690.0,2730.0,2740.0,6116000.0,2676.107666015625
2021-03-09,2770.0,2670.0,2770.0,2720.0,13824800.0,2656.573974609375
2021-03-10,2770.0,2700.0,2740.0,2770.0,2015000.0,2705.407958984375
2021-03-12,2800.0,2750.0,2770.0,2800.0,4581100.0,2734.70849609375
2021-03-15,2800.0,2710.0,2800.0,2760.0,6570300.0,2695.64111328125
2021-03-16,2780.0,2690.0,2760.0,2770.0,7085100.0,2705.407958984375
2021-03-17,2780.0,2720.0,2770.0,2720.0,10343300.0,2656.573974609375
2021-03-18,2770.0,2700.0,2740.0,2720.0,7128900.0,2656.573974609375
2021-03-19,2770.0,2680.0,2750.0,2720.0,118316800.0,2656.573974609375
2021-03-22,2750.0,2690.0,2720.0,2710.0,2617600.0,2646.80712890625
2021-03-23,2730.0,2650.0,2710.0,2660.0,1870200.0,2597.97314453125
2021-03-24,2730.0,2630.0,2680.0,2730.0,4445200.0,2666.3408203125
2021-03-25,2730.0,2570.0,2730.0,2660.0,6334100.0,2597.97314453125
2021-03-26,2720.0,2660.0,2660.0,2700.0,2361500.0,2637.040283203125
2021-03-29,2730.0,2690.0,2710.0,2730.0,2103100.0,2666.3408203125
2021-03-30,2730.0,2610.0,2730.0,2660.0,5195900.0,2597.97314453125
2021-03-31,2660.0,2560.0,2660.0,2620.0,2909800.0,2558.90576171875
2021-04-01,2630.0,2560.0,2620.0,2560.0,2562800.0,2500.304931640625
2021-04-05,2600.0,2520.0,2560.0,2560.0,1746300.0,2500.304931640625
2021-04-06,2550.0,2430.0,2550.0,2530.0,2261900.0,2471.00439453125
2021-04-07,2550.0,2510.0,2540.0,2530.0,1762600.0,2471.00439453125
2021-04-08,2620.0,2520.0,2530.0,2530.0,8476600.0,2471.00439453125
2021-04-09,2650.0,2530.0,2530.0,2650.0,2428300.0,2588.206298828125
2021-04-12,2660.0,2540.0,2650.0,2540.0,1816500.0,2480.771240234375
2021-04-13,2550.0,2440.0,2540.0,2530.0,2280000.0,2471.00439453125
2021-04-14,2600.0,2540.0,2540.0,2600.0,2896500.0,2539.3720703125
2021-04-15,2620.0,2540.0,2600.0,2570.0,819400.0,2510.07177734375
2021-04-16,2600.0,2530.0,2580.0,2570.0,1170300.0,2510.07177734375
2021-04-19,2570.0,2530.0,2570.0,2540.0,796400.0,2480.771240234375
2021-04-20,2570.0,2530.0,2570.0,2540.0,507500.0,2480.771240234375
2021-04-21,2560.0,2500.0,2540.0,2500.0,711000.0,2441.703857421875
2021-04-22,2590.0,2480.0,2590.0,2490.0,2896700.0,2431.937255859375
2021-04-23,2520.0,2430.0,2490.0,2450.0,5676600.0,2392.869873046875
2021-04-26,2540.0,2420.0,2450.0,2450.0,4310700.0,2392.869873046875
2021-04-27,2460.0,2410.0,2460.0,2450.0,4621300.0,2392.869873046875
2021-04-28,2460.0,2410.0,2450.0,2450.0,4889300.0,2392.869873046875
2021-04-29,2480.0,2430.0,2450.0,2460.0,2655700.0,2402.63671875
2021-04-30,2500.0,2410.0,2470.0,2460.0,5764800.0,2402.63671875
2021-05-03,2580.0,2460.0,2460.0,2560.0,9215700.0,2500.304931640625
2021-05-04,2610.0,2560.0,2560.0,2610.0,3564200.0,2549.138916015625
2021-05-05,2670.0,2600.0,2620.0,2670.0,3754300.0,2607.73974609375
2021-05-06,2680.0,2590.0,2670.0,2640.0,4618800.0,2578.439453125
2021-05-07,2650.0,2570.0,2650.0,2620.0,2101000.0,2558.90576171875
2021-05-10,2620.0,2540.0,2580.0,2620.0,2453600.0,2558.90576171875
2021-05-11,2620.0,2540.0,2620.0,2540.0,1991300.0,2480.771240234375
2021-05-17,2600.0,2490.0,2540.0,2510.0,1200700.0,2451.470703125
2021-05-18,2560.0,2490.0,2510.0,2530.0,911400.0,2471.00439453125
2021-05-19,2540.0,2460.0,2530.0,2510.0,1043800.0,2451.470703125
2021-05-20,2520.0,2480.0,2490.0,2520.0,2400700.0,2461.237548828125
2021-05-21,2610.0,2470.0,2610.0,2510.0,2298800.0,2451.470703125
2021-05-24,2540.0,2480.0,2510.0,2510.0,670700.0,2451.470703125
2021-05-25,2570.0,2510.0,2510.0,2570.0,1278400.0,2510.07177734375
2021-05-27,2600.0,2520.0,2580.0,2600.0,1519600.0,2539.3720703125
2021-05-28,2610.0,2550.0,2600.0,2600.0,1619900.0,2539.3720703125
2021-05-31,2600.0,2540.0,2600.0,2540.0,2233100.0,2480.771240234375
2021-06-02,2580.0,2540.0,2580.0,2570.0,771500.0,2510.07177734375
2021-06-03,2590.0,2540.0,2570.0,2550.0,1185300.0,2490.5380859375
2021-06-04,2570.0,2540.0,2550.0,2570.0,729800.0,2510.07177734375
2021-06-07,2580.0,2530.0,2570.0,2570.0,1043100.0,2510.07177734375
2021-06-08,2580.0,2540.0,2570.0,2580.0,614400.0,2519.838623046875
2021-06-09,2590.0,2540.0,2580.0,2560.0,700600.0,2500.304931640625
2021-06-10,2560.0,2530.0,2560.0,2560.0,657200.0,2500.304931640625
2021-06-11,2560.0,2530.0,2560.0,2540.0,840300.0,2480.771240234375
2021-06-14,2550.0,2520.0,2540.0,2540.0,603100.0,2480.771240234375
2021-06-15,2540.0,2490.0,2530.0,2540.0,975500.0,2480.771240234375
2021-06-16,2540.0,2450.0,2510.0,2500.0,3314100.0,2441.703857421875
2021-06-17,2490.0,2440.0,2490.0,2460.0,2029000.0,2402.63671875
2021-06-18,2460.0,2330.0,2460.0,2340.0,7967600.0,2285.434814453125
2021-06-21,2370.0,2270.0,2340.0,2350.0,2198200.0,2295.20166015625
2021-06-22,2380.0,2350.0,2350.0,2350.0,1033400.0,2295.20166015625
2021-06-23,2380.0,2330.0,2350.0,2350.0,735700.0,2295.20166015625
2021-06-24,2350.0,2310.0,2350.0,2340.0,767800.0,2285.434814453125
2021-06-25,2370.0,2320.0,2340.0,2350.0,747800.0,2295.20166015625
2021-06-28,2370.0,2300.0,2370.0,2330.0,884300.0,2275.668212890625
2021-06-29,2330.0,2310.0,2330.0,2310.0,1357800.0,2256.134521484375
2021-06-30,2350.0,2250.0,2310.0,2310.0,4161500.0,2256.134521484375
2021-07-01,2320.0,2280.0,2310.0,2300.0,1451900.0,2246.36767578125
2021-07-02,2350.0,2280.0,2300.0,2320.0,2224800.0,2265.9013671875
2021-07-05,2340.0,2300.0,2320.0,2300.0,552900.0,2246.36767578125
2021-07-06,2320.0,2250.0,2320.0,2260.0,1909300.0,2207.30029296875
2021-07-07,2270.0,2210.0,2260.0,2240.0,3342800.0,2187.766845703125
2021-07-08,2260.0,2210.0,2240.0,2240.0,5361700.0,2187.766845703125
2021-07-09,2250.0,2220.0,2250.0,2250.0,994200.0,2197.53369140625
2021-07-12,2280.0,2230.0,2250.0,2250.0,2456700.0,2197.53369140625
2021-07-13,2350.0,2230.0,2250.0,2310.0,3107400.0,2256.134521484375
2021-07-14,2400.0,2280.0,2320.0,2330.0,4435700.0,2275.668212890625
2021-07-15,2410.0,2300.0,2350.0,2360.0,3556900.0,2304.968505859375
2021-07-16,2450.0,2350.0,2380.0,2420.0,2608300.0,2363.5693359375
2021-07-19,2430.0,2360.0,2420.0,2380.0,1629100.0,2324.502197265625
2021-07-21,2430.0,2300.0,2380.0,2320.0,5482800.0,2265.9013671875
2021-07-22,2320.0,2250.0,2310.0,2290.0,7416800.0,2236.600830078125
2021-07-23,2300.0,2210.0,2290.0,2240.0,9641100.0,2187.766845703125
2021-07-26,2350.0,2240.0,2240.0,2300.0,8489500.0,2246.36767578125
2021-07-27,2340.0,2280.0,2300.0,2280.0,1284700.0,2226.833984375
2021-07-28,2300.0,2260.0,2300.0,2270.0,1171000.0,2217.067138671875
2021-07-29,2290.0,2250.0,2270.0,2270.0,2092400.0,2217.067138671875
2021-07-30,2290.0,2200.0,2270.0,2200.0,5851900.0,2148.699462890625
2021-08-02,2240.0,2180.0,2210.0,2230.0,1187100.0,2178.0
2021-08-03,2250.0,2170.0,2210.0,2250.0,2221300.0,2250.0
2021-08-04,2260.0,2210.0,2250.0,2230.0,1248600.0,2230.0
2021-08-05,2230.0,2200.0,2230.0,2210.0,1505500.0,2210.0
2021-08-06,2230.0,2210.0,2210.0,2230.0,796400.0,2230.0
2021-08-09,2240.0,2180.0,2240.0,2220.0,1326200.0,2220.0
2021-08-10,2220.0,2140.0,2220.0,2190.0,4407500.0,2190.0
2021-08-12,2230.0,2180.0,2190.0,2220.0,1630200.0,2220.0
2021-08-13,2240.0,2200.0,2220.0,2230.0,1187200.0,2230.0
2021-08-16,2240.0,2200.0,2230.0,2230.0,530700.0,2230.0
2021-08-18,2240.0,2200.0,2230.0,2230.0,1239400.0,2230.0
2021-08-19,2230.0,2160.0,2230.0,2170.0,6993900.0,2170.0
2021-08-20,2200.0,2140.0,2180.0,2150.0,2548600.0,2150.0
2021-08-23,2200.0,2150.0,2170.0,2190.0,1101000.0,2190.0
2021-08-24,2200.0,2170.0,2190.0,2200.0,1438100.0,2200.0
2021-08-25,2210.0,2160.0,2200.0,2200.0,854500.0,2200.0
2021-08-26,2200.0,2160.0,2200.0,2200.0,978500.0,2200.0
2021-08-27,2210.0,2180.0,2200.0,2200.0,592800.0,2200.0
2021-08-30,2220.0,2190.0,2200.0,2200.0,340500.0,2200.0
2021-08-31,2230.0,2150.0,2200.0,2150.0,2645000.0,2150.0
2021-09-01,2200.0,2160.0,2160.0,2200.0,877600.0,2200.0
2021-09-02,2220.0,2170.0,2200.0,2200.0,939300.0,2200.0
2021-09-03,2210.0,2170.0,2200.0,2200.0,1035000.0,2200.0
2021-09-06,2220.0,2180.0,2200.0,2200.0,1619300.0,2200.0
2021-09-07,2260.0,2200.0,2200.0,2260.0,3780500.0,2260.0
2021-09-08,2290.0,2230.0,2260.0,2270.0,3269800.0,2270.0
2021-09-09,2420.0,2240.0,2270.0,2240.0,8138200.0,2240.0
2021-09-10,2400.0,2280.0,2300.0,2320.0,5566400.0,2320.0
2021-09-13,2340.0,2280.0,2320.0,2300.0,879200.0,2300.0
2021-09-14,2310.0,2260.0,2300.0,2300.0,1086900.0,2300.0
2021-09-15,2320.0,2270.0,2300.0,2290.0,787400.0,2290.0
2021-09-16,2380.0,2300.0,2310.0,2380.0,3379900.0,2380.0
2021-09-17,2410.0,2370.0,2380.0,2400.0,4626400.0,2400.0
2021-09-20,2410.0,2370.0,2400.0,2390.0,1712400.0,2390.0
2021-09-21,2400.0,2360.0,2370.0,2400.0,2691300.0,2400.0
2021-09-22,2450.0,2400.0,2400.0,2440.0,1791700.0,2440.0
2021-09-23,2450.0,2400.0,2450.0,2420.0,2652900.0,2420.0
2021-09-24,2440.0,2370.0,2420.0,2400.0,1304800.0,2400.0
2021-09-27,2400.0,2370.0,2400.0,2380.0,455000.0,2380.0
2021-09-28,2400.0,2320.0,2400.0,2330.0,882200.0,2330.0
2021-09-29,2350.0,2280.0,2350.0,2330.0,1351700.0,2330.0
2021-09-30,2370.0,2320.0,2330.0,2360.0,3430800.0,2360.0
2021-10-01,2480.0,2360.0,2390.0,2360.0,4426800.0,2360.0
2021-10-04,2390.0,2310.0,2360.0,2310.0,2309800.0,2310.0
2021-10-05,2340.0,2300.0,2320.0,2310.0,3278500.0,2310.0
2021-10-06,2340.0,2300.0,2320.0,2330.0,4169400.0,2330.0
2021-10-07,2570.0,2330.0,2360.0,2420.0,19166400.0,2420.0
2021-10-08,2450.0,2370.0,2430.0,2420.0,3321200.0,2420.0
2021-10-11,2430.0,2320.0,2420.0,2340.0,3237100.0,2340.0
2021-10-12,2380.0,2310.0,2350.0,2320.0,2834800.0,2320.0
2021-10-13,2420.0,2320.0,2340.0,2420.0,3957900.0,2420.0
2021-10-14,2550.0,2430.0,2430.0,2550.0,9006600.0,2550.0
2021-10-15,2580.0,2500.0,2570.0,2570.0,5188900.0,2570.0
2021-10-18,2590.0,2530.0,2570.0,2570.0,3481400.0,2570.0
2021-10-19,2590.0,2500.0,2570.0,2510.0,4503400.0,2510.0
2021-10-21,2790.0,2450.0,2530.0,2450.0,19489400.0,2450.0
2021-10-22,2510.0,2410.0,2460.0,2410.0,3764600.0,2410.0
2021-10-25,2460.0,2410.0,2420.0,2430.0,2873300.0,2430.0
2021-10-26,2450.0,2420.0,2440.0,2420.0,1721900.0,2420.0
2021-10-27,2440.0,2380.0,2420.0,2390.0,1367500.0,2390.0
2021-10-28,2400.0,2330.0,2400.0,2330.0,2059200.0,2330.0
2021-10-29,2370.0,2330.0,2330.0,2350.0,1496200.0,2350.0
2021-11-01,2400.0,2350.0,2360.0,2360.0,4064400.0,2360.0
2021-11-02,2380.0,2340.0,2360.0,2360.0,1462900.0,2360.0
2021-11-03,2360.0,2340.0,2360.0,2360.0,1261100.0,2360.0
2021-11-04,2390.0,2360.0,2370.0,2380.0,1059700.0,2380.0
2021-11-05,2440.0,2370.0,2380.0,2430.0,2111700.0,2430.0
2021-11-08,2450.0,2400.0,2430.0,2440.0,1721400.0,2440.0
2021-11-09,2450.0,2400.0,2440.0,2420.0,2397900.0,2420.0
2021-11-10,2430.0,2390.0,2420.0,2390.0,1186700.0,2390.0
2021-11-11,2440.0,2390.0,2390.0,2390.0,1775300.0,2390.0
2021-11-12,2430.0,2380.0,2390.0,2400.0,1421800.0,2400.0
2021-11-15,2430.0,2360.0,2400.0,2360.0,839900.0,2360.0
2021-11-16,2410.0,2360.0,2360.0,2400.0,1761700.0,2400.0
2021-11-17,2410.0,2340.0,2400.0,2360.0,2721900.0,2360.0
2021-11-18,2370.0,2320.0,2360.0,2320.0,2699000.0,2320.0
2021-11-19,2380.0,2320.0,2320.0,2370.0,1468000.0,2370.0
2021-11-22,2390.0,2350.0,2370.0,2380.0,1381600.0,2380.0
2021-11-23,2400.0,2340.0,2380.0,2340.0,1350400.0,2340.0
2021-11-24,2340.0,2290.0,2340.0,2290.0,3930300.0,2290.0
2021-11-25,2320.0,2290.0,2300.0,2290.0,1901200.0,2290.0
2021-11-26,2310.0,2250.0,2300.0,2260.0,2212200.0,2260.0
2021-11-29,2280.0,2220.0,2260.0,2220.0,1773800.0,2220.0
2021-11-30,2250.0,2180.0,2220.0,2190.0,3216000.0,2190.0
2021-12-01,2230.0,2180.0,2180.0,2180.0,2281900.0,2180.0
2021-12-02,2210.0,2140.0,2180.0,2160.0,2795100.0,2160.0
2021-12-03,2190.0,2150.0,2180.0,2170.0,1190100.0,2170.0
2021-12-06,2190.0,2160.0,2170.0,2160.0,1410200.0,2160.0
2021-12-07,2180.0,2150.0,2160.0,2160.0,3037700.0,2160.0
2021-12-08,2200.0,2150.0,2170.0,2160.0,1846200.0,2160.0
2021-12-09,2180.0,2140.0,2160.0,2150.0,3108300.0,2150.0
2021-12-10,2170.0,2100.0,2160.0,2140.0,5190300.0,2140.0
2021-12-13,2160.0,2110.0,2140.0,2120.0,4705700.0,2120.0
2021-12-14,2140.0,2080.0,2140.0,2090.0,3181600.0,2090.0
2021-12-15,2100.0,2050.0,2090.0,2090.0,3122700.0,2090.0
2021-12-16,2130.0,2060.0,2080.0,2060.0,1669400.0,2060.0
2021-12-17,2070.0,2010.0,2070.0,2030.0,2999700.0,2030.0
2021-12-20,2060.0,1995.0,2030.0,2010.0,3108500.0,2010.0
2021-12-21,2020.0,1995.0,2020.0,2000.0,1943800.0,2000.0
2021-12-22,2050.0,2000.0,2010.0,2010.0,928100.0,2010.0
2021-12-23,2040.0,1995.0,2010.0,1995.0,1345700.0,1995.0
2021-12-24,2020.0,1995.0,2000.0,2000.0,1008400.0,2000.0
2021-12-27,2020.0,1995.0,2010.0,2000.0,1703900.0,2000.0
2021-12-28,2070.0,2000.0,2000.0,2060.0,1056100.0,2060.0
2021-12-29,2110.0,2050.0,2060.0,2090.0,1590500.0,2090.0
2021-12-30,2120.0,2040.0,2100.0,2040.0,7206300.0,2040.0
2022-01-03,2070.0,2020.0,2040.0,2050.0,3555100.0,2050.0
2022-01-04,2100.0,2060.0,2060.0,2080.0,1631200.0,2080.0
2022-01-05,2110.0,2070.0,2090.0,2100.0,3997100.0,2100.0
2022-01-06,2130.0,2090.0,2100.0,2120.0,2771600.0,2120.0
2022-01-07,2170.0,2120.0,2120.0,2170.0,3512800.0,2170.0
2022-01-10,2200.0,2170.0,2170.0,2200.0,2433900.0,2200.0
2022-01-11,2220.0,2150.0,2200.0,2170.0,2268000.0,2170.0
2022-01-12,2170.0,2080.0,2170.0,2120.0,4040200.0,2120.0
2022-01-13,2170.0,2120.0,2120.0,2160.0,961800.0,2160.0
2022-01-14,2170.0,2140.0,2170.0,2150.0,509500.0,2150.0
2022-01-17,2150.0,2100.0,2150.0,2120.0,642200.0,2120.0
2022-01-18,2120.0,2080.0,2120.0,2080.0,1237500.0,2080.0
2022-01-19,2110.0,2010.0,2090.0,2020.0,1937500.0,2020.0
2022-01-20,2040.0,1995.0,2020.0,2000.0,3337700.0,2000.0
2022-01-21,2030.0,1995.0,2000.0,2020.0,882800.0,2020.0
2022-01-24,2060.0,2020.0,2040.0,2020.0,1722400.0,2020.0
2022-01-25,2060.0,2000.0,2040.0,2000.0,3245200.0,2000.0
2022-01-26,2020.0,1995.0,2000.0,2010.0,1530600.0,2010.0
2022-01-27,2020.0,1910.0,2010.0,1940.0,6085100.0,1940.0
2022-01-28,1950.0,1890.0,1940.0,1890.0,6452500.0,1890.0
2022-01-31,1920.0,1875.0,1890.0,1875.0,3439900.0,1875.0
2022-02-02,1900.0,1875.0,1880.0,1890.0,2338900.0,1890.0
2022-02-03,1900.0,1865.0,1885.0,1880.0,2712900.0,1880.0
2022-02-04,1910.0,1860.0,1885.0,1880.0,3988100.0,1880.0
2022-02-07,1900.0,1880.0,1885.0,1895.0,1707100.0,1895.0
2022-02-08,1920.0,1860.0,1895.0,1860.0,7506800.0,1860.0
2022-02-09,1875.0,1815.0,1860.0,1815.0,8511200.0,1815.0
2022-02-10,1835.0,1815.0,1815.0,1820.0,4080100.0,1820.0
2022-02-11,1825.0,1750.0,1820.0,1785.0,8668500.0,1785.0
2022-02-14,1790.0,1720.0,1785.0,1755.0,10226400.0,1755.0
2022-02-15,1815.0,1750.0,1755.0,1810.0,5388800.0,1810.0
2022-02-16,1830.0,1790.0,1820.0,1810.0,2761700.0,1810.0
2022-02-17,1820.0,1790.0,1810.0,1800.0,3297300.0,1800.0
2022-02-18,1850.0,1800.0,1800.0,1845.0,5928100.0,1845.0
2022-02-21,1850.0,1815.0,1845.0,1820.0,4048500.0,1820.0
2022-02-22,1845.0,1775.0,1820.0,1785.0,5901400.0,1785.0
2022-02-23,1820.0,1780.0,1785.0,1785.0,7198600.0,1785.0
2022-02-24,1800.0,1725.0,1785.0,1735.0,9111600.0,1735.0
2022-02-25,1785.0,1735.0,1735.0,1750.0,8451200.0,1750.0
2022-03-01,1765.0,1720.0,1750.0,1725.0,7191500.0,1725.0
2022-03-02,1735.0,1630.0,1725.0,1640.0,18845400.0,1640.0
2022-03-04,1680.0,1530.0,1680.0,1550.0,20639400.0,1550.0
2022-03-07,1565.0,1485.0,1555.0,1505.0,18682300.0,1505.0
2022-03-08,1550.0,1500.0,1510.0,1520.0,24101800.0,1520.0
2022-03-09,1540.0,1510.0,1535.0,1530.0,18467200.0,1530.0
2022-03-10,1620.0,1540.0,1545.0,1605.0,15510900.0,1605.0
2022-03-11,1655.0,1605.0,1610.0,1640.0,11162400.0,1640.0
2022-03-14,1720.0,1640.0,1640.0,1690.0,10239000.0,1690.0
2022-03-15,1700.0,1635.0,1690.0,1660.0,7345700.0,1660.0
2022-03-16,1680.0,1645.0,1660.0,1680.0,10298600.0,1680.0
2022-03-17,1710.0,1650.0,1680.0,1670.0,5661200.0,1670.0
2022-03-18,1675.0,1630.0,1670.0,1675.0,5445400.0,1675.0
